name,email,country_code,contact,password
X,X@gmail.com,91,1234567890,test@123
Y,Y@gmail.com,91,1234567891,test@123
Z,A@gmail.com,91,1234567892,test@123
A,B@gmail.com,91,1234567893,test@123
B,C@gmail.com,91,1234567894,test@123
C,D@gmail.com,91,1234567895,test@123
D,E@gmail.com,91,1234567896,test@123
E,F@gmail.com,91,1234567897,test@123
F,G@gmail.com,91,1234567898,test@123
G,H@gmail.com,91,1234567899,test@123
H,I@gmail.com,91,1234567900,test@123
I,J@gmail.com,91,1234567901,test@123
J,K@gmail.com,91,1234567902,test@123
K,L@gmail.com,91,1234567903,test@123
L,M@gmail.com,91,1234567904,test@123
M,N@gmail.com,91,1234567905,test@123
N,O@gmail.com,91,1234567906,test@123
O,P@gmail.com,91,1234567907,test@123
P,Q@gmail.com,91,1234567908,test@123
